{
  "files": [
    {
      "tasks": [
        {
          "name": "withTimeout (already-resolved)",
          "result": {
            "benchmark": {
              "mean": 0.001624700529946996,
              "p95": 0.002600000000001046,
              "samples": 10001
            }
          }
        },
        {
          "name": "defaultShouldRetry on validation",
          "result": {
            "benchmark": {
              "mean": 0.00029903609639045104,
              "p95": 0.00029000000000678483,
              "samples": 10001
            }
          }
        },
        {
          "name": "toApiError mapping",
          "result": {
            "benchmark": {
              "mean": 0.0002739516048395927,
              "p95": 0.00034999999999740794,
              "samples": 10001
            }
          }
        }
      ]
    }
  ]
}